진단서_000.jpg	진단서
진단서_001.jpg	진단서
진단서_002.jpg	진단서
진단서_003.jpg	진단서
진단서_004.jpg	진단서
진단서_005.jpg	진단서
진단서_006.jpg	진단서
진단서_007.jpg	진단서
소견서_000.jpg	소견서
소견서_001.jpg	소견서
소견서_002.jpg	소견서
소견서_003.jpg	소견서
소견서_004.jpg	소견서
소견서_005.jpg	소견서
소견서_006.jpg	소견서
소견서_007.jpg	소견서
보험금청구서_000.jpg	보험금청구서
보험금청구서_001.jpg	보험금청구서
보험금청구서_002.jpg	보험금청구서
보험금청구서_003.jpg	보험금청구서
보험금청구서_004.jpg	보험금청구서
보험금청구서_005.jpg	보험금청구서
보험금청구서_006.jpg	보험금청구서
보험금청구서_007.jpg	보험금청구서
입퇴원확인서_000.jpg	입퇴원확인서
입퇴원확인서_001.jpg	입퇴원확인서
입퇴원확인서_002.jpg	입퇴원확인서
입퇴원확인서_003.jpg	입퇴원확인서
입퇴원확인서_004.jpg	입퇴원확인서
입퇴원확인서_005.jpg	입퇴원확인서
입퇴원확인서_006.jpg	입퇴원확인서
입퇴원확인서_007.jpg	입퇴원확인서
의료비영수증_000.jpg	의료비영수증
의료비영수증_001.jpg	의료비영수증
의료비영수증_002.jpg	의료비영수증
의료비영수증_003.jpg	의료비영수증
의료비영수증_004.jpg	의료비영수증
의료비영수증_005.jpg	의료비영수증
의료비영수증_006.jpg	의료비영수증
의료비영수증_007.jpg	의료비영수증
처방전_000.jpg	처방전
처방전_001.jpg	처방전
처방전_002.jpg	처방전
처방전_003.jpg	처방전
처방전_004.jpg	처방전
처방전_005.jpg	처방전
처방전_006.jpg	처방전
처방전_007.jpg	처방전
